phone,title,link,stars,reviews
,,,,
+44 20 4525 727,Houst,https://www.googleadservices.com/pagead/aclk?sa=L&ai=DChcSEwjutf-23Z2JAxV0poMHHfcAONwYABABGgJlZg&co=1&ase=2&gclid=EAIaIQobChMI7rX_tt2diQMVdKaDBx33ADjcEBAYASAAEgKB-_D_BwE&ohost=www.google.com&cid=CAASE-RoO580krHo_oJXBEH3JdKMqD4&sig=AOD64_1BCAgS24eC00Ewxtyvp3QaS8C-LQ&adurl&q&ctype=99&nis=6,4.7,201.0
+44 20 3790 922,City Borough Housing Ltd,https://www.googleadservices.com/pagead/aclk?sa=L&ai=DChcSEwjutf-23Z2JAxV0poMHHfcAONwYABAAGgJlZg&co=1&ase=2&gclid=EAIaIQobChMI7rX_tt2diQMVdKaDBx33ADjcEBAYAiAAEgLHj_D_BwE&ohost=www.google.com&cid=CAASE-RoO580krHo_oJXBEH3JdKMqD4&sig=AOD64_0YtVxhckqsC0sQ3PM4HTdVQim6sQ&adurl&q&ctype=99&nis=6,4.1,11.0
+44 20 3637 796,MIH Property Management Ltd,https://www.mihproperty.co.uk/,4.6,70.0
+44 20 3105 589,J Property Management,http://www.jpropertymanagement.co.uk/,4.8,24.0
+44 20 7033 190,Base Property Specialists - London's experts at letting & property management,https://www.baseps.co.uk/,5.0,106.0
+44 7378 214260,Gore Property Management London,https://www.gorepropertymanagement.com/,5.0,45.0
+44 20 3286 646,Reka Property Management Ltd,http://rekaproperty.co.uk/,4.8,60.0
+44 20 3603 900,Curated Property - Property Management,http://www.curated-property.com/,4.9,72.0
+44 20 3053 670,LIONSGATE PROPERTY MANAGEMENT,http://lionsgate-property.com/,4.3,141.0
+44 20 7734 406,Greater London Properties (GLP) - Soho Estate Agents,https://www.greaterlondonproperties.co.uk/?utm_source=google&utm_medium=referal&utm_campaign=soho&utm_term=soho&utm_content=soho,4.6,123.0
+44 20 8994 732,Blue Crystal Property Management,http://www.bluecrystallondon.co.uk/,4.9,30.0
+44 20 7205 460,ADS Property Management,https://adspropertymanagement.co.uk/,4.4,205.0
+44 20 7228 994,Just Property Management,https://www.just-management.co.uk/,4.9,18.0
+44 7474 118218,StayinLondon.co.uk,http://www.stayinlondon.co.uk/,5.0,202.0
+44 20 3984 914,1st Property Management,https://www.1stpropertymanagement.co.uk/,4.4,32.0
+44 20 7977 001,Goldman Greg Estate Agency & Housing Management Services,http://www.goldmangreg.co.uk/,4.9,136.0
+44 20 3305 808,Pont & Lyall - Property Management London,http://www.pontandlyall.com/,5.0,41.0
+44 20 7930 933,Estate Management London Limited,https://www.emluk.com/,4.6,28.0
+44 20 8470 142,BK Property Management Services - Guaranteed Rent,https://www.bkpropertymanagementservices.com/,5.0,24.0
+44 20 3539 852,BRH Property Management & Solutions,https://brhproperty.co.uk/,4.8,18.0
+44 20 8191 151,foxter,http://www.foxter.co.uk/,4.9,326.0
,Kensington Property Management,https://www.kensingtonpropertymanagement.co.uk/,4.9,27.0
+44 20 3865 061,City Relay London,https://cityrelay.com/,4.6,757.0
+44 20 3633 797,Jo & Co Property Management,http://www.joandcoprop.com/,4.6,49.0
,Kensington Property Management,https://www.kensingtonpropertymanagement.co.uk/,4.9,27.0
+44 20 3539 852,BRH Property Management & Solutions,https://brhproperty.co.uk/,4.8,18.0
+44 20 3137 787,Circa London Southwark Estate Agents,http://www.circalondon.com/,4.8,352.0
+44 20 3091 237,Brix London,http://brixlondon.com/,5.0,60.0
+44 20 3005 347,MBR Property Management,https://www.mbrpropertymanagement.co.uk/,5.0,10.0
+44 20 8772 955,Urban Spectrum Property Management Ltd,,4.4,117.0
+44 20 7275 204,Haus Block Management,http://www.h-bm.co.uk/,3.8,383.0
+44 20 7043 843,M2 Property,https://www.m2property.com/,4.5,50.0
+44 20 7794 404,London Habitat,http://www.londonhabitat.co.uk/,4.8,264.0
+44 20 3667 275,Marland Property Management Ltd.,https://www.marlandpm.com/,5.0,10.0
+44 20 7372 020,Paramount Properties,https://www.paramount-properties.co.uk/,4.8,1.0
+44 20 8994 840,Hartswood Lettings & Property Management,http://www.hartswoodproperty.co.uk/,4.6,58.0
+44 20 7734 406,Greater London Properties (GLP) - Soho Estate Agents,https://www.greaterlondonproperties.co.uk/?utm_source=google&utm_medium=referal&utm_campaign=soho&utm_term=soho&utm_content=soho,4.6,123.0
+44 20 8064 198,Cadmus Property,http://www.cadmusproperty.co.uk/,4.9,18.0
+44 20 3868 340,GuestReady London,https://www.guestready.com/airbnb-management/london/?utm_source=google&utm_medium=organic&utm_campaign=gbp-listing-london,4.7,827.0
+44 20 3984 914,1st Property Management,https://www.1stpropertymanagement.co.uk/,4.4,32.0
+44 7793 217076,Premier London Property Limited,http://www.premierlondonproperty.co.uk/,4.8,17.0
+44 20 3668 544,Cemlux Homes | Property Lettings & Management | London,,4.8,35.0
+44 20 3457 285,Somerset Estates Property Management,https://www.somersetestates.com/,5.0,3.0
+44 20 7866 212,Real Estate Management,https://www.thecitykeys.co.uk/,3.7,3.0
+44 20 8033 887,London Homes Property Limited,http://uklondonhomes.com/,4.8,18.0
+44 20 7201 070,Quintessentially Estates,http://www.quintessentiallyestates.com/,4.8,94.0
+44 20 7101 442,Living London,https://livinglondon.com/,4.1,152.0
+44 20 7424 789,Oceanwide Properties - UK Office,http://www.oceanwideproperties.co.uk/,5.0,14.0
+44 20 3875 699,Rent My Home | Letting Agents London,http://www.rentmyhome.co.uk/,4.6,76.0
+44 20 7373 988,Care Property Management,http://care-property.com/,,
+44 7833 103624,Rinvest Property Management and Lettings,https://r-invest.co.uk/,5.0,12.0
+44 20 3205 703,Lockwood & Cashman,http://lockwoodandcashman.co.uk/,5.0,29.0
+44 20 3457 849,Reliance FM London,http://www.rfmglobal.com/uk,5.0,12.0
+44 7796 178946,South London Management,http://www.southlondonmanagement.co.uk/,,
+44 20 8946 717,Property People,http://www.property-people.co.uk/,4.7,38.0
+44 20 8981 999,Look Property,http://www.lookproperty.com/,4.6,68.0
+44 20 8050 575,Property Elegance Management,https://propertyelegancemanagement.com/,5.0,1.0
+44 20 7582 401,Avrasons Letting Agents and Property management in Oval,https://www.avrasons.co.uk/contact-us/?utm_source=localmaps&utm_medium=gbp&utm_campaign=oval,4.7,208.0
+44 20 7113 106,Greater London Properties - Bloomsbury Estate Agents,https://www.greaterlondonproperties.co.uk/?utm_source=google&utm_medium=referal&utm_campaign=bloomsbury&utm_term=bloomsbury&utm_content=bloomsbury,4.8,88.0
+44 20 7221 493,Sloan Block Management,http://sloanmanagement.co.uk/,4.3,30.0
+44 20 7637 884,Leo Newman,http://www.leonewman.co.uk/,4.7,353.0
+44 20 3876 715,ANG Property Management Ltd,https://www.angpm.co.uk/,5.0,2.0
+44 20 7386 650,Foxtons London Bridge Estate Agents,https://www.foxtons.co.uk/contact/foxtons_london_bridge_estate_agents.html?utm_campaign=Foxtons+London+Bridge+Estate+Agents&utm_medium=google_gmb&utm_source=Localistico_business_listing,4.6,780.0
+44 20 7629 154,Chesterfield House Management Ltd,,4.2,5.0
+44 20 8087 064,Homes R Us Property Management London,http://www.homesrus.co.uk/,5.0,4.0
+44 20 7436 036,Property Management Recruitment Ltd,http://www.pmr.uk.com/,4.7,245.0
+44 20 7749 381,Dexters New Homes East and South East,https://www.dexters.co.uk/contact-us/our-offices/new-homes-east-london,5.0,45.0
+44 20 8989 756,London Estate Agents | PropertyLoop,http://www.propertyloop.co.uk/search,4.6,300.0
+44 20 4571 637,Strutt & Parker - Chelsea Management,https://www.struttandparker.com/services/residential/let-a-property/compliance-and-legislative-issues,4.5,36.0
+44 20 7267 290,Ringley Limited Chartered Surveyors,http://www.ringley.co.uk/,4.6,602.0
+44 20 8767 089,South West London Property - SWLP,https://www.swlp.co.uk/,4.9,109.0
+44 20 7870 400,London Block Management,http://www.blockmanagement.com/,3.3,122.0
+44 20 7341 022,Principia Estate and Asset Management,http://www.principialondon.co.uk/,3.8,80.0
+44 20 3326 626,The Property Manager UK,http://www.thepropertymanageruk.co.uk/,4.2,10.0
+44 20 7629 494,SBA Property Management,http://www.sbaproperty.com/,4.3,7.0
+44 20 7751 835,Urang Property Management,https://www.urang.co.uk/,2.6,168.0
+44 20 7842 053,Optimum Property Management Limited,http://optpm.co.uk/,,
+44 7581 357803,London Property Management Services,http://lpmservicesltd.co.uk/,,
+44 7428 681507,London Property Managers,http://www.londonpropertymanagers.co.uk/,4.0,4.0
+44 20 3987 173,Unique Property Company,http://uniquepropertycompany.co.uk/,4.8,98.0
+44 20 7739 696,Peach Properties,http://www.peachproperties.com/,4.8,366.0
+44 7769 886902,H J J Property Management Ltd,,5.0,1.0
+44 20 7459 440,Properly - Estate Agent - Property Management - Property Sales - New Homes - Buying Service,http://www.properly.space/,5.0,113.0
+44 20 7193 997,The London Management Company,https://www.thelondonmanagementcompany.com/,3.7,3.0
+44 20 3815 048,Folio London,http://www.foliolondon.co.uk/,4.1,422.0
,Wapping Property Management,http://wapping.epizy.com/,,
+44 20 3002 360,Brackenbury Property Management,http://www.brackenbury-management.co.uk/,4.3,6.0
+44 20 7794 778,Dutch & Dutch Estate Agents,http://dutchanddutch.com/,4.8,274.0
+44 330 818 2808,AirOperate| AirBnB Property Management|London|Brighton|Manchester|Edinburgh|Luton|Oxford,https://airoperate.co.uk/?utm_source=Organic&utm_medium=GMB-Local-London&utm_id=Google,4.1,55.0
+44 20 7323 227,Hudsons Property,https://www.hudsonsproperty.com/?utm_source=Google%20My%20Business&utm_medium=Website,4.8,313.0
+44 20 3970 009,House Manage Limited,https://www.housemanage.co.uk/,4.2,10.0
+44 20 7790 779,City Link Property Management,http://www.citylinkproperty.co.uk/,4.8,5.0
+44 20 7591 028,London Land Management Ltd,https://www.londonland.co.uk/,4.0,12.0
+44 20 7286 575,Westways Estate Agents,https://www.westways.co.uk/,4.7,191.0
+44 20 8226 420,Acara Management,http://acara.co.uk/,4.7,108.0
+44 800 085 5994,DEX Property Management,http://www.dexpropertymanagement.co.uk/,3.6,80.0
+44 20 8944 862,Ellisons Lettings & Property Management,http://www.ellisons.uk.com/,4.9,127.0
,Parallel Property Management Limited,,,
+44 20 7089 656,Acorn Estate Agents and Letting Agents in London Bridge,https://www.acorngroup.co.uk/our-offices/estate-agents-in-london-bridge?utm_source=localmaps&utm_medium=gbp&utm_campaign=gmb_london_bridge,4.8,287.0
+44 7782 502628,UpperKey,https://theupperkey.com/?utm_source=google&utm_medium=wix_google_business_profile&utm_campaign=8939917102128691924,4.4,16.0
+44 20 3633 203,Franklin London - Luxury Property Maintenance London,https://www.franklinlondon.com/property-maintenance-london-landing/,5.0,1.0
+44 20 8788 970,JCF Property Management,https://jcfpropertymanagement.com/,3.6,34.0
+44 20 8788 970,JCF Property Management,https://jcfpropertymanagement.com/,3.6,34.0
+44 20 7486 671,McGlashans Property Services,http://www.mcglashans.co.uk/,4.7,53.0
+44 20 7244 444,Farrar & Co Sales and Lettings,http://www.farrar.co.uk/,4.9,33.0
+44 7727 014154,Local Property Management Company,,,
+44 20 7581 163,London Property - Home of Super Prime,http://www.londonproperty.co.uk/,5.0,5.0
+44 20 3929 345,Prudential Property Management Ltd,http://www.prudentialpromanagement.co.uk/,4.3,6.0
+44 20 7629 111,Locations London,https://www.locations.london/,5.0,18.0
+44 7476 557447,London Executive,https://www.london-executive.com/,4.5,148.0
+44 20 7149 899,Property and Homes Management LTD,https://propertyandhomes.co.uk/,5.0,7.0
+44 20 7538 010,Property Matters (London) Ltd,http://www.propertymatters.co.uk/,4.9,60.0
+44 20 3239 606,Residential Property Management Group,https://www.residentialpropertymanagementgroup.co.uk/,4.3,6.0
+44 20 8519 941,Property Mart,,4.5,8.0
+44 20 3040 840,Chestertons Covent Garden Estate Agents,https://www.chestertons.co.uk/en-gb/network/central-london/covent-garden?utm_source=Google&utm_medium=Local,4.9,208.0
+44 20 3012 180,The London Agent,http://www.thelondonagent.com/,4.4,26.0
+44 20 8533 775,LPMS.uk â€“ London Property Management Services,https://lpms.uk/contact/,,
+44 20 7602 766,Space Management,http://www.spacemanagement.co.uk/,4.0,33.0
+44 800 246 5844,Property Management London,https://property-management-london.ueniweb.com/?utm_campaign=gmb,,
+44 20 7100 012,Burlington Property Management,http://www.burlingtonpm.com/,,
+44 20 7735 715,Lexadon Property Group,http://www.lexadon.co.uk/,3.3,150.0
+44 20 7352 245,H&G Riverside Estate Agents,http://www.hgproperty.co.uk/,4.8,142.0
